previousStep, ID
x + b = aa,1
x + b = aa,2
x = aa - b,3
x + b = - a,4
x = - a - b,5
x = - a - b,6
x = - a - b,7
x = - aa - b,8
x = - aa - b,9
x + b = - aa,10
x + b = - aa,11
x = - aa - b,12
x + bb = - aa,13
x + bb = - aa,14
x - b = - aa,15
x - bb = - a,16
x - bb = - a,17
x - bb = - aa,18
x - b = - aa,19
x = - aa + b,20
x + b = aa,21
x + b = aa,22
x + b = aa,23
x - b = - aa,24
x - b = - aa,25
x = - aa + b,26
x - b = aa,27
x + bb = aa,28
x + bb = aa,29
x + b = - a,30
x + b = - a,31
x + b = - aa,32
x - bb = - a,33
x + b = a,34
x + b = aa,35
x + b = aa,36
x + b = aa,37
x = aa - b,38
x + b = a,39
x + b = a,40
x = a - b - z,41
x + bb = aa,42
x + bb = aa,43
x + b = aa,44
x + bb = aa,45
x + bb = aa,46
x = aa - bb,47
x + b = aa,48
x + bb = aa,49
x + bb = aa,50
x + b = aa,51
x + b = aa,52
x - b = aa,53
x + b = - a,54
x + b = aa,55
- x + bb = - aa,56
( aax ) / ( bb ) = - ( aa ) / ( bb ),57
x = - ( aa ) / ( bb ),58
x - b = a,59
( x ) / ( bb ) = - aa,60
x + b = a,61
- ( x ) / ( b ) = aa,62
x = aa * bb,63
x + b = aa,64
x + b = a,65
x + b = a,66
x + bb = aa,67
x + bb = aa,68
x - b = aa,69
x + b = - aa,70
x + b = - aa,71
x + b = - aa,72
x + b = - aa,73
x + b = - aa,74
x + b = - aa,75
x + bb = aa,76
x - b = a,77
x + b = a,78
x + bb = - aa,79
x + b = aa,80
x + b = aa,81
x = aa - bb,82
x = aa - bb,83
x = aa - bb,84
x - b = aa,85
x + b = - a,86
x - b = a,87
x - b = aa,88
x + b = - a,89
x - b = aa,90
x - b = aa,91
x - b = aa,92
x + b = - a,93
x + b = - a,94
x + b = - a,95
x - b = a,96
x + b = - a,97
x + b = - aa,98
x - b = - aa,99
x + b = - aa,100
x + b = - aa,101
x + b = - aa,102
x + b = - aa,103
x + b = - aa,104
x + b = - aa,105
x + b = - aa,106
x - b = - aa,107
x - b = aa,108
x + b = - a,109
x + b = - aa,110
x + b = - aa,111
x - bb = - a,112
x + b = - aa,113
x + b = - a,114
x + bb = - aa,115
x - bb = - aa,116
x + b = - aa,117
x - bb = - aa,118
x - bb = - aa,119
x - bb = a,120
x - bb = a,121
x + bb = - aa,122
x + b = - aa,123
x + b = - aa,124
x - bb = - aa,125
x + bb = - aa,126
x - bb = - aa,127
x + bb = - aa,128
x - bb = - aa,129
x - bb = - aa,130
x - bb = - aa,131
x - bb = - aa,132
x - b = - aa,133
x - bb = - aa,134
x - bb = - aa,135
x - b = - aa,136
x + b = aa,137
x + b = aa,138
x + b = aa,139
x + bb = aa,140
x + bb = - aa,141
x + bb = - aa,142
x - b = aa,143
x - b = aa,144
x - b = - aa,145
x - b = - aa,146
x - b = - aa,147
x - bb = - aa,148
x - b = - aa,149
x - bb = - aa,150
x + b = - aa,151
x - b = - aa,152
x - bb = - aa,153
x - b = - aa,154
- x + b = a,155
x - bb = - aa,156
x - bb = - aa,157
x + b = aa,158
x + b = aa,159
x + b = aa,160
x + b = aa,161
x + b = aa,162
x + b = aa,163
x + b = aa,164
x + b = aa,165
x + b = aa,166
x + b = aa,167
x + b = aa,168
x + b = aa,169
x + b = aa,170
x + b = - aa,171
x - b = a,172
x + b = aa,173
x + bb = aa,174
x + bb = aa,175
x + bb = aa,176
x - b = aa,177
x + b = - a,178
x + b = - a,179
x - b = - aa,180
x - bb = - a,181
x - b = - aa,182
x - b = - aa,183
x - b = - aa,184
x + b = aa,185
x + b = aa,186
x - bb = - aa,187
x + b = - a,188
x + b = - a,189
x + b = - a,190
x + b = - a,191
( x ) / ( b ) = aa,192
x - b = aa,193
x - b = a,194
- ( x ) / ( bb ) = - aa,195
- ( x ) / ( bb ) = - aa,196
x - b = a,197
x - bb = a,198
x - bb = a,199
x + bb = - aa,200
x - bb = - aa,201
x - bb = - aa,202
x + bbb = aa,203
- x - b = aa,204
- x - b = aa,205
- x - b = aa,206
- x - b = aa,207
- x + b = - aa,208
- x + b = - aa,209
- x + bb = - aa,210
- x + bb = - aa,211
- x + bb = - aa,212
- x - b = - aa,213
- x - bbb = - aaa,214
- x - bbb = - aaa,215
- x - bbb = - aaa,216
- x - bbb = - aaa,217
- x - bbb = - aaa,218
- x - bbb = - aaa,219
- x - bbb = - aaa,220
- x - bbb = - aaa,221
- x - bbb = - aaa,222
- x - bbb = - aaa,223
- x - bbb = - aaa,224
- x - bbb = - aaa,225
- x - bbb = - aaa,226
- x - bbb = - aaa,227
- x - bbb = - aaa,228
- x - bbb = - aaa,229
- x - bbb = - aaa,230
- x - bbb = - aaa,231
- x - bbb = - aaa,232
- x - bbb = - aaa,233
- x - bbb = - aaa,234
- x - bbb = - aaa,235
- x - bbb = - aaa,236
- x - bbb = - aaa,237
- x - bbb = - aaa,238
- x - bbb = - aaa,239
- x - bbb = - aaa,240
- x - bbb = - aaa,241
- x - bbb = - aaa,242
x + b = aa,243
x + b = aa,244
x - b = aa,245
x + bb = aa,246
x - b = a,247
x = aa - b,248
x + b = - a,249
x + b = - a,250
x + b = - aa,251
- x - b = - aa,252
x - bb = - aa,253
- x + bb = - aaa,254
- x = - aa,255
x = - aa + b,256
x = - aa + b,257
x - b = - aa,258
x + bb = - aa,259
x - b = aa,260
x - b = aa,261
x + b = - aa,262
x + b = - aa,263
- x + b = aa,264
- x - b = aa,265
- x - b = aa,266
x - bb = - a,267
x - bb = - a,268
- x + bb = - aa,269
- x + bb = - aa,270
- x + bb = - aa,271
- x + bb = - aa,272
- x + bb = - aa,273
x - bb = - aa,274
x - bb = - aa,275
x + bb = aa,276
ax - b = ax + b,277
a * ( x - c ) - ( dx ) / ( e ) = a * ( x - c ) / ( d ),278
a * ( x - c ) - ( dx ) / ( e ) = a * ( x - c ) / ( d ),279
a * ( x - c ) - ( dx ) / ( e ) = a * ( x - c ) / ( d ),280
x + b = aa,281
x - bb = - aa,282
x + b = aa,283
x + b = aa,284
x + bb = - aa,285
x + b = aa,286
( x ) / ( b ) + c = a,287
x + b = aa,288
x = a - b,289
x = a + b,290
( x ) / ( bb ) + c = a,291
x - b = - aa,292
x - b = - aa,293
x - b = - aa,294
x - b = - aa,295
x + bb = aa,296
x + bb = aa,297
- x = a,298
- x + bb = aa,299
x - bb = - aa,300
x = - aa + bb,301
a = - ( aa ) / ( x ),302
a * ( b * x ) = - aa,303
a * ( b * x ) = - aa,304
a * ( b * x ) = - aa,305
a * ( b * x ) = - aa,306
x * x = aaa,307
x = - aa - b,308
- x - b = a,309
- x - b = a,310
- x - bb = aa,311
x + bb = - aa,312
x + bb = - aa,313
x - b = aa,314
- x + bbb = - aaa,315
x + bb = aa,316
x + bb = aa,317
x + bb = aaa,318
x + bbb = aaa,319
x + bbb = aaa,320
x + bbb = aaa,321
x - bb = - aaa,322
x - b = - aa,323
x - b = - aa,324
x - b = - aa,325
x - b = - aa,326
x - b = - aa,327
x - b = - aa,328
x + bb + c = - aa,329
x + bb + c = - aa,330
x + bbb = aaa,331
x + bbb = aaa,332
ax = aa,333
ax = aa,334
x = a * b - c,335
x = a * b - c,336
x + b = aa,337
x + b = aa,338
x + b = aa,339
x = aa - b,340
x - b = - aa,341
ax = - aa,342
x = - ( aa ) / ( b ),343
x = - ( aa ) / ( b ),344
x + b = aa,345
x + b = aa,346
x = aa - bb,347
x + b = a,348
x + b = aa,349
x = aa - z,350
x = aa - bb,351
x = aa - bb,352
x + b = a,353
x = aa - bb,354
x = - aa - b,355
x = - aa + b,356
x = - aa + b,357
x = - aa + b,358
x = - aa - bb,359
x = - aa + bb,360
x = - aa + bb,361
x + b = - a,362
x + b = - a,363
x + b = - aa,364
x + b = - aa,365
x = aa - bb,366
x + b = - a,367
- x = aa - bb,368
x + bb = aa,369
- x + b = a,370
x + bb = - aa,371
x - b = - aa,372
x - b = - aa,373
x - b = - aa,374
- x + bb = - aa,375
x - bb = - a,376
x - bb = - a,377
x - bb = - a,378
x - bb = - aa,379
- x = - aaa + bbb,380
- x - bbb = - aaa,381
x - b = - aa,382
- x = - aaa + bbb,383
- x = - aaa + bbb,384
x - b = - aa,385
x - bb = - aa,386
x = - aa + bb,387
- x = aa - b,388
x - b = aa,389
x - b = aa,390
x - b = aa,391
x + bb = aa,392
x - bb = a,393
x - bb = a,394
aax + bb = - ax + b,395
ax - ( - bx - c ) = - ax - ( bx + c ),396
ax - ( - bx - c ) = - ax - ( bx + c ),397
ax = - aa,398
x - b = aa,399
x - b = a,400
x = a + b,401
x + b = aa,402
x - bb = a,403
x + b = aa,404
x + b = aa,405
x = aa - bb,406
x + b = aa,407
x + b = a,408
x + b = a,409
x - b = aa,410
x = - a - bb,411
x = aa + bb,412
x = - a - bb,413
x + b = a,414
x + b = aa,415
x + b = a,416
x = - aa + b,417
x + b = aa,418
x + b = - aa,419
x = - aa - b,420
x + b = - aa,421
x = - aa + b,422
x = - aa - bb,423
x - b = - aa,424
x + bb = aa,425
x = aa - bb,426
x = aa - bb,427
x = - aa + b,428
x - bb = - aa,429
x - bb = - aa,430
x - b = a,431
x - b = - aa,432
- x = aa,433
- x = aa,434
- x = aa,435
- x = aa,436
- x = aa,437
- x = aa,438
- x = a + b,439
- x + b = aa,440
- x + b = aa,441
x = aa - b,442
x = aa - b,443
x = aa - b,444
x = aa - b,445
x = aa - b,446
x = aa - b,447
- x = aa - b,448
x = aa - b,449
- x = aa + bb,450
x = aa - b,451
- x = aa + bb,452
x + b = aa,453
x + b = aa,454
x = aa - bb,455
x = aa + b,456
x = - aa - bb,457
- x = - aa - bb,458
- x = - aaa + bbb,459
- x = - aaa + bbb,460
x = - aa - bb,461
- x = aa + bb,462
x = ( a ) / ( bb ),463
x = ( a ) / ( bb ),464
x = ( a ) / ( bb ),465
x = ( a ) / ( b ),466
x = ( a ) / ( b ),467
x = ( aa ) / ( - b ),468
x = ( aa ) / ( - b ),469
x + b = - a,470
x + b = - a,471
x + b = - a,472
x + bbb = aa,473
- x + bb = aa,474
x + bbb = aa,475
- x - bb = aa,476
- x - bb = aa,477
x = - ( aa ) / ( b ),478
x = - ( a ) / ( - bb ),479
x + bbb = aa,480
- x + bb = aa,481
- x - bb = aa,482
x = - aa * bb,483
- ( x ) / ( b ) = aa,484
- ( x ) / ( b ) = aa,485
ax - b = aa,486
ax - b = aa,487
ax = x,488
( x ) / ( b ) = - aa,489
x + bbb = aa,490
- x + bb = aa,491
- x - bb = aa,492
- x - bb = aa,493
x + bbb = aa,494
x + bbb = aa,495
- x + bb = aa,496
- x - bb = aa,497
- x - bb = aa,498
x + bbb = aa,499
aax = - aa,500
18x = - aa,501
( x ) / ( b ) * c = aa * b,502
( x ) / ( b ) * c = aa * b,503
- x + bb = aa,504
- x + bb = aa,505
- x + b = aa,506
x - b = aa,507
x + bb = - aa,508
- ax = aa,509
- ax = - aa,510
ax = - aa,511
( x ) / ( b ) = - aa,512
( x ) / ( b ) = - aa,513
( x ) / ( bb ) = - aa,514
x + b = aa,515
x + b = - a,516
x + b = - aa,517
x = - aa - b,518
x + bb = - aa,519
x + bb = - aa,520
x + b = aa,521
x + bb = aa,522
x + b = - aa,523
x - bb = - aa,524
x - bb = - aa,525
- x + bb = aa,526
x + bbb = aa,527
- x - bbb = - aaa,528
x + bb = - aa,529
- x + b = aa,530
x + b = - aa,531
x - bb = aa,532
x + bb = - aa,533
x + bb = aaa,534
x - b = aa,535
- x + bb = - aa,536
- ax = aa,537
- ax = aa,538
- aax = - a,539
- ax = - aa,540
- x = - ( aa ) / ( b ),541
- x = - ( aaa ) / ( bb ),542
- x = - ( aaa ) / ( bb ),543
- x = - ( aaa ) / ( bb ),544
- ( x ) / ( b ) = aa,545
aax - b - cx = ax - b - cc,546
- ax - bb = aa,547
ax = - aa,548
( x ) / ( bb ) = - aa,549
- ( x ) / ( b ) = aa,550
- ( x ) / ( bb ) = - aa,551
- ( x ) / ( bb ) = aa,552
ax - ( bb - ccx ) = aaa,553
aa + bx - ( - cx + d - ex ) = x + ( b - cx ),554
x + ( bx + c ) = aa,555
x + ( bx + c ) = aa,556
ax - ( b + cx ) = aa,557
- x = aa,558
ax = - aa,559
x = - ( aa ) / ( bb ),560
- aax = - a,561
- x = - aa + bb,562
- x = - aa + bb,563
aa + bx - ( - cx + d - ex ) = x + ( b - cx ),564
ax - bb + ccx = aaa,565
ax - bb + ccx = aaa,566
a - ( - b - cx - dd - ex ) = z,567
a - ( - b - cx - dd - ex ) = z,568
a - ( - b - cx - dd - ex ) = z,569
a - ( - b - cx - dd - ex ) = z,570
a - ( - b - cx - dd - ex ) = z,571
a - ( - b - cx - dd - ex ) = z,572
a - ( - b - cx - dd - ex ) = z,573
a - ( - b - cx - dd - ex ) = z,574
a - ( - b - cx - dd - ex ) = z,575
a - ( - b - cx - dd - ex ) = z,576
a - ( - b - cx - dd - ex ) = z,577
x = - ( aa ) / ( bb ),578
ax = - a,579
- ax + b = ax - b,580
- ax + b = ax - b,581
ax + b - ( cx + d ) = - ( ax - b ) + ( - c - x ),582
ax + b - ( cx + d ) = - ( ax - b ) + ( - c - x ),583
ax + b - ( cx + d ) = - ( ax - b ) + ( - c - x ),584
ax + b - cx - d = - ax + b - c - x,585
ax + b - cx + d - ex - f = ax - bb,586
ax + b - cx + d - ex - f = ax - bb,587
ax + b - cx + d - ex - f = ax - bb,588
ax + b - cx + d - ex - f = ax - bb,589
aax - bx = - ax + b + c - dd,590
aax = aa,591
x = ( aa ) / ( bb ),592
( aax + bb ) - ( cc - ddx ) = ( - aa + bbx ) - ( - ccx + dd ),593
( aax + bb ) - ( cc - ddx ) = ( - aa + bbx ) - ( - ccx + dd ),594
( aax + bb ) - ( cc - ddx ) = ( - aa + bbx ) - ( - ccx + dd ),595
( aax + bb ) - ( cc - ddx ) = ( - aa + bbx ) - ( - ccx + dd ),596
( aax + bb ) - ( cc - ddx ) = ( - aa + bbx ) - ( - ccx + dd ),597
( aax + bb ) - ( cc - ddx ) = ( - aa + bbx ) - ( - ccx + dd ),598
( aax + bb ) - ( cc - ddx ) = ( - aa + bbx ) - ( - ccx + dd ),599
( aax + bb ) - ( cc - ddx ) = ( - aa + bbx ) - ( - ccx + dd ),600
( aax + bb ) - ( cc - ddx ) = ( - aa + bbx ) - ( - ccx + dd ),601
( aax + bb ) - ( cc - ddx ) = ( - aa + bbx ) - ( - ccx + dd ),602
( aax + bb ) - ( cc - ddx ) = ( - aa + bbx ) - ( - ccx + dd ),603
( aax + bb ) - ( cc - ddx ) = ( - aa + bbx ) - ( - ccx + dd ),604
( aax + bb ) - ( cc - ddx ) = ( - aa + bbx ) - ( - ccx + dd ),605
( aax + bb ) - ( cc - ddx ) = ( - aa + bbx ) - ( - ccx + dd ),606
( aax + bb ) - ( cc - ddx ) = ( - aa + bbx ) - ( - ccx + dd ),607
( aax + bb ) - ( cc - ddx ) = ( - aa + bbx ) - ( - ccx + dd ),608
( aax + bb ) - ( cc - ddx ) = ( - aa + bbx ) - ( - ccx + dd ),609
( aax + bb ) - ( cc - ddx ) = ( - aa + bbx ) - ( - ccx + dd ),610
( aax + bb ) - ( cc - ddx ) = ( - aa + bbx ) - ( - ccx + dd ),611
( aax + bb ) - ( cc - ddx ) = ( - aa + bbx ) - ( - ccx + dd ),612
( aax + bb ) - ( cc - ddx ) = ( - aa + bbx ) - ( - ccx + dd ),613
( aax + bb ) - ( cc - ddx ) = ( - aa + bbx ) - ( - ccx + dd ),614
( aax + bb ) - ( cc - ddx ) = ( - aa + bbx ) - ( - ccx + dd ),615
( aax + bb ) - ( cc - ddx ) = ( - aa + bbx ) - ( - ccx + dd ),616
( aax + bb ) - ( cc - ddx ) = ( - aa + bbx ) - ( - ccx + dd ),617
( aax + bb ) - ( cc - ddx ) = ( - aa + bbx ) - ( - ccx + dd ),618
( aax + bb ) - ( cc - ddx ) = ( - aa + bbx ) - ( - ccx + dd ),619
( aax + bb ) - ( cc - ddx ) = ( - aa + bbx ) - ( - ccx + dd ),620
( aax + bb ) - ( cc - ddx ) = ( - aa + bbx ) - ( - ccx + dd ),621
( aax + bb ) - ( cc - ddx ) = ( - aa + bbx ) - ( - ccx + dd ),622
( aax + bb ) - ( cc - ddx ) = ( - aa + bbx ) - ( - ccx + dd ),623
( aax + bb ) - ( cc - ddx ) = ( - aa + bbx ) - ( - ccx + dd ),624
( aax + bb ) - ( cc - ddx ) = ( - aa + bbx ) - ( - ccx + dd ),625
( aax + bb ) - ( cc - ddx ) = ( - aa + bbx ) - ( - ccx + dd ),626
( aax + bb ) - ( cc - ddx ) = ( - aa + bbx ) - ( - ccx + dd ),627
( aax + bb ) - ( cc - ddx ) = ( - aa + bbx ) - ( - ccx + dd ),628
( aax + bb ) - ( cc - ddx ) = ( - aa + bbx ) - ( - ccx + dd ),629
( aax + bb ) - ( cc - ddx ) = ( - aa + bbx ) - ( - ccx + dd ),630
( aax + bb ) - ( cc - ddx ) = ( - aa + bbx ) - ( - ccx + dd ),631
( aax + bb ) - ( cc - ddx ) = ( - aa + bbx ) - ( - ccx + dd ),632
( aax + bb ) - ( cc - ddx ) = ( - aa + bbx ) - ( - ccx + dd ),633
( aax + bb ) - ( cc - ddx ) = ( - aa + bbx ) - ( - ccx + dd ),634
( aax + bb ) - ( cc - ddx ) = ( - aa + bbx ) - ( - ccx + dd ),635
( aax + bb ) - ( cc - ddx ) = ( - aa + bbx ) - ( - ccx + dd ),636
( aax + bb ) - ( cc - ddx ) = ( - aa + bbx ) - ( - ccx + dd ),637
( aax + bb ) - ( cc - ddx ) = ( - aa + bbx ) - ( - ccx + dd ),638
( aax + bb ) - ( cc - ddx ) = ( - aa + bbx ) - ( - ccx + dd ),639
( aax + bb ) - ( cc - ddx ) = ( - aa + bbx ) - ( - ccx + dd ),640
( aax + bb ) - ( cc - ddx ) = ( - aa + bbx ) - ( - ccx + dd ),641
( aax + bb ) - ( cc - ddx ) = ( - aa + bbx ) - ( - ccx + dd ),642
( aax + bb ) - ( cc - ddx ) = ( - aa + bbx ) - ( - ccx + dd ),643
( aax + bb ) - ( cc - ddx ) = ( - aa + bbx ) - ( - ccx + dd ),644
( aax + bb ) - ( cc - ddx ) = ( - aa + bbx ) - ( - ccx + dd ),645
- ax = a,646
aa - ( - bb + cx ) = - ( ax + b ) - cc,647
aa - ( - bb + cx ) = - ( ax + b ) - cc,648
aa - ( - bb + cx ) = - ( ax + b ) - cc,649
aa - ( - bb + cx ) = - ( ax + b ) - cc,650
( x ) / ( b ) = - aa,651
( x ) / ( bb ) = - aa,652
- ( x ) / ( bb ) = - aa,653
ax + bb = aa,654
- ax + bb = - aaa,655
ax + b = ax + b,656
ax - b = ax - b,657
ax - b = ax - b,658
ax - b = ax - b,659
- ax + bb = ax - b,660
- ax + bb = ax - b,661
aax + bb + ccx - dd = aax - bb - cx + d,662
( x ) / ( b ) = - aa,663
aax - b - cx = ax - b - cc,664
aax - b - cx = ax - b - cc,665
aax - b - cx = ax - b - cc,666
( aax + bb ) - ( cc - ddx ) = ( - aa + bbx ) - ( - ccx + dd ),667
( aax + bb ) - ( cc - ddx ) = ( - aa + bbx ) - ( - ccx + dd ),668
( aax + bb ) - ( cc - ddx ) = ( - aa + bbx ) - ( - ccx + dd ),669
a * ( x - c ) + d * ( x + f ) = a * ( x + c ),670
( aax + bb ) - ( cc - ddx ) = ( - aa + bbx ) - ( - ccx + dd ),671
( aax + bb ) - ( cc - ddx ) = ( - aa + bbx ) - ( - ccx + dd ),672
( x + bb ) - ( - x - dd ) = z,673
( x + bb ) - ( - x - dd ) = z,674
( x + bb ) - ( - x - dd ) = z,675
( x + b ) - ( - x - d ) = ax - ( bx + c ),676
( x + b ) - ( - x - d ) = ax - ( bx + c ),677
( aax + bb ) - ( cc - ddx ) = ( - aa + bbx ) - ( - ccx + dd ),678
( aax + bb ) - ( cc - ddx ) = ( - aa + bbx ) - ( - ccx + dd ),679
( aax + bb ) - ( cc - ddx ) = ( - aa + bbx ) - ( - ccx + dd ),680
( aax + bb ) - ( cc - ddx ) = ( - aa + bbx ) - ( - ccx + dd ),681
( aax + bb ) - ( cc - ddx ) = ( - aa + bbx ) - ( - ccx + dd ),682
( aax + bb ) - ( cc - ddx ) = ( - aa + bbx ) - ( - ccx + dd ),683
( aax + bb ) - ( cc - ddx ) = ( - aa + bbx ) - ( - ccx + dd ),684
( aax + bb ) - ( cc - ddx ) = ( - aa + bbx ) - ( - ccx + dd ),685
( x + b ) - ( - x - d ) = ax - ( bx + c ),686
aax + bb = aax - bb,687
aax + bb = aax - bb,688
aax + bb = aax - bb,689
aax + bb = aax - bb,690
aax + bb = aax - bb,691
aax + bb = aax - bb,692
aax + bb = aax - bb,693
aax + bb = aax - bb,694
aax + bb = aax - bb,695
aax + bb = aax - bb,696
aax + bb = aax - bb,697
aax + bb = aax - bb,698
aax + bb = aax - bb,699
zx = zx,700
zx = zx,701
zx = zx,702
( x + bb ) - ( - x - dd ) = z,703
( x + bb ) - ( - x - dd ) = z,704
( x + bb ) - ( - x - dd ) = z,705
( x + bb ) - ( - x - dd ) = z,706
( aax + bb ) - ( cc - ddx ) = ( - aa + bbx ) - ( - ccx + dd ),707
( aax + bb ) - ( cc - ddx ) = ( - aa + bbx ) - ( - ccx + dd ),708
( aax + bb ) - ( cc - ddx ) = ( - aa + bbx ) - ( - ccx + dd ),709
zx = zx,710
zx = zx,711
( aax + bb ) - ( cc - ddx ) = ( - aa + bbx ) - ( - ccx + dd ),712
( aax + bb ) - ( cc - ddx ) = ( - aa + bbx ) - ( - ccx + dd ),713
( aax + bb ) - ( cc - ddx ) = ( - aa + bbx ) - ( - ccx + dd ),714
( aax + bb ) - ( cc - ddx ) = ( - aa + bbx ) - ( - ccx + dd ),715
aa - ( - bb + cx ) = - ( ax + b ) - cc,716
- x = aa,717
- x = - aa + b,718
- ax = aa,719
- ax = - aa,720
- ax = aaa,721
x = ( aaa ) / ( - b ),722
aax = - aaa,723
x = - ( aaa ) / ( bb ),724
( x ) / ( bb ) = - aa,725
- ( x ) / ( b ) = aa,726
x = ( aa ) / ( b ),727
a * ( x - c ) / d - x / f = ( x + b ) / ( c ),728
- x = aa,729
x - bb = aa,730
x + b = - a,731
x + b = - a,732
x + b = - a,733
x + bb = - a,734
- x - b = a,735
- x - bb = aa,736
x + b = a,737
x + b = a,738
x - b = a,739
x - b = a,740
x = ( aa ) / ( bb ),741
x = - ( aa ) / ( b ),742
aax + b = aax + bb,743
x + b = - a,744
x + b = - a,745
x + b = - aa,746
x + b = - aa,747
x + b = aa,748
x + b = aa,749
( ax + bb ) / ( ccc ) = ( x ) / ( bbb ),750
( ax + bb ) / ( ccc ) = ( x ) / ( bbb ),751
ax = aa - bb,752
ax = aa + bb,753
x = ( aa ) / ( b ),754
x = ( z ) / ( bbb ),755
x = ( z ) / ( bbb ),756
- ax = aa - bb,757
- ax = aa,758
- ax = aa + b,759
- ax = aa + b,760
x + b = a,761
( aaax + bbb ) - ( ccc + dddx ) = ( ax + b ) - cx - ( - dd + eeex ),762
( aaax + bbb ) - ( ccc + dddx ) = ( ax + b ) - cx - ( - dd + eeex ),763
ax + b = x + bb,764
ax + b = x + bb,765
ax + b = ax + b,766
ax - bx = a - b,767
ax - bx = a - b,768
ax - bx = a - b,769
x = ( aaa ) / ( b ),770
x = ( aa ) / ( - b ),771
ax + b = ax + bb,772
ax + b = ax + bb,773
ax + b = ax + bb,774
ax + b = ax + bb,775
ax + b = ax + bb,776
ax + b = ax + bb,777
ax + b = ax + bb,778
ax + b = ax + bb,779
ax + b = ax + bb,780
x = aa - b,781
x = aa - b,782
x + b - cx + d = - ax + b - cx + d,783
x + b - cx + d = - ax + b - cx + d,784
x + b - c = aa - b,785
ax = - aa,786
x + b = aa,787
x + b = aa,788
x + b = aa,789
x + b = aa,790
x + bb = aa,791
x - b = a,792
x - bb = - a,793
x + b = - aa,794
x + b = - aa,795
x + b = - aa,796
x + bb = - aa,797
x + bbb = aa,798
x + b = aa,799
x - b = a,800
x - b = aa,801
x - b = aa,802
ax + b = ax + bb,803
ax + b = ax + bb,804
- ax + bb = ax - b,805
x = ( aaa ) / ( bb ),806
- ax = - a + b,807
- ax = - a + b,808
- ax = z,809
x = ( z ) / ( - b ),810
ax + b = a,811
ax = a - b,812
aax - b = aa,813
ax + b = x + bb,814
ax + b = x + bb,815
ax + b = x + bb,816
ax - x + c = a - x + c,817
- ax - bb = aa,818
- ax - bb = aa,819
- ax - bb = aa,820
- ax - bb = aa,821
x + b = - aa,822
x - b = - aa,823
x - b = - aa,824
x - b = - aa,825
x - b = - aa,826
x = ( aa ) / ( - b ),827
ax + b = aa,828
ax - ( b + cx ) = aa,829
ax - ( b + cx ) = aa,830
ax - ( b + cx ) = aa,831
ax - ( bb - ccx ) = aaa,832
aa + bx + cx - d + ex = x + b - cx,833
a + b + cx + dd + ex = z,834
ax + bx = z - b - c - dd,835
ax + bx = z - b - c - dd,836
aax = - aa,837
ax + bx + c = - ax - bx - c,838
x + b - c = aa - b,839
( x + bb ) / ( cc ) = ( aa ) / ( bb ),840
x = a - b,841
x = a - b,842
aa - b = x,843
x + b = a,844
x + b = a,845
x + bb = aa,846
x + b = a,847
x + b = a,848
x + bb = aa,849
x + b = a,850
x + b = a,851
x - b = aa,852
x - b = aa,853
x - b = aa,854
x + bb = - a,855
x + bb = - a,856
x + bb = aa,857
x + bb = - aa,858
x - bb = aa,859
x + bb = - aa,860
x - b = - aa,861
x - bb = aa,862
x - b = - aa,863
x - bb = aa,864
x - bb = - a,865
x - bb = - a,866
x = aa - b,867
x - bb = - aa,868
x - bb = - aa,869
x = - aa + bb,870
- x = - a,871
- x = - a,872
x - b = - aa,873
x = - aa + b,874
x - bb = - aa,875
x + b = aa,876
x + b = aa,877
x - b = aa,878
x - b = aa,879
x - b = - aa,880
x = aa + b,881
x = aa + b,882
x = aa + b,883
x + z - z = aa - z,884
x - bb = - aa,885
x + z - z = aa - z,886
x = aa - z,887
x = aa - z,888
x + bbb = aa,889
- x + b - c = a - b,890
x = aa - b,891
- x = - aaa + bbb,892
ax = aa,893
ax = aa,894
x = - ( aa ) / ( bb ),895
x = - ( aa ) / ( bb ),896
- ax = - aa,897
x = ( aaa ) / ( b ),898
aax = - aaa,899
( x ) / ( bb ) = - aa,900
- ( x ) / ( bb ) = - aa,901
( x ) / ( bb ) = - aa,902
( x ) / ( bb ) = - aa,903
- ( x ) / ( bb ) = - a,904
- ( x ) / ( bb ) = - a,905
- ( x ) / ( bb ) = - a,906
aaax + bbb = aaa,907
- ax + bb = aa,908
- ax + bb = aa,909
- ax + bb = aa,910
- ax + bb = - aaa,911
- ax - bb = - ax + bb,912
- ax - bb = - ax + bb,913
ax + b = a,914
- aax = aaa,915
ax - b + cx + d = ax + bb,916
ax - b + cx + d = ax + bb,917
x = - ( aaa ) / ( bb ),918
x = - ( aaa ) / ( bb ),919
aax - b + c = aa + bx,920
x + b = aa,921
x + b = aa,922
x + b = aa,923
x + b = aa,924
x + b = aa,925
x + b = aa,926
x + b = a,927
x + b = aa,928
x - b = a,929
x - b = a,930
x - b = a,931
x - b = a,932
x - b = a,933
x - b = aa,934
x - bb = aa,935
x + b = - a,936
x + b = - aa,937
x + b = - aa,938
x + b = - aa,939
x + b = - aa,940
x + bb = - a,941
x + bb = - aa,942
x - b = - aa,943
x - b = - aa,944
x - b = - aa,945
ax - ( - bx - c ) = - ax - ( bx +  c ),946
( ax - b ) / ( c ) = a + x,947
a * ( bx + c ) = a * ( bx + cc ),948
aa + bx + cx - d + ex = x + b - cx,949
ax + bx + cx - x + ex = a - bb + c,950
ax + bx + cx - x + ex = a - bb + c,951
ax + bx + cx - x + ex = a - bb + c,952
ax + bx + cx - x + ex = a - bb + c,953
ax + bx + cx - x + ex = a - bb + c,954
- ax - bx = - a - b,955
ax + b - ( cx - d ) + ( - ex - f ) = - ( - ax + bb ),956
ax + b - ( cx - d ) + ( - ex - f ) = - ( - ax + bb ),957
ax + b - ( cx - d ) + ( - ex - f ) = - ( - ax + bb ),958
ax + b - ( cx - d ) + ( - ex - f ) = - ( - ax + bb ),959
ax + b - ( cx - d ) + ( - ex - f ) = - ( - ax + bb ),960
ax + b - cx + d - ex - f = ax - bb,961
x - b = aa,962
x + b = - a,963
x + b = - a,964
x + b = - a,965
x + b = - a,966
x + bb = - a,967
x + bb = - a,968
x + bb = - aa,969
x + bb = - aa,970
x - bb = - aa,971
- ax + bb = - aaa,972
- ax + bb = - aaa,973
- ax + bb = - aaa,974
- ax + bb = - aaa,975
- ax + bb = - aaa,976
- ax + bb = - aaa,977
ax = aaa,978
- ax + bb = - aaa,979
ax + bb = aa,980
ax = aa + bb,981
ax - bb = - x + bb,982
x = ( aaa ) / ( b ),983
ax + b = ax + bb,984
ax - bb = aa,985
( aa ) / ( bb ) = ( x ) / ( bb ),986
( ax ) / ( b ) = ( x + bb ) / ( ccc ),987
( x ) / ( b ) = aa * ( x + c ) / ( ddd ),988
ax + b = ax + bb,989
ax + b = ax + bb,990
ax + b = ax + bb,991
( - x + b ) / ( c ) = ( ax ) / ( bb ),992
( - x + b ) / ( c ) = ( ax ) / ( bb ),993
x + b = aa,994
- ax = - aaa - bb,995
x = - ( aaa ) / ( - b ),996
- aax = aaa,997
- aax = aaa,998
x = - ( aaa ) / ( - b ),999
aax - bx - cx = - a - bb + c,1000
- aax = aaa,1001
- aax = aaa,1002
x = ( aaa ) / ( b ),1003
x = ( aaa ) / ( b ),1004
x = ( aaa ) / ( b ),1005
( aax ) / ( bb ) = x - bbb,1006
ax = ax - b * cccc,1007
aax + bbx + cx - d = a - b,1008
ax = aaa,1009
ax = aaa,1010
x = ( aaa ) / ( b ),1011
x = ( aaa ) / ( b ),1012
x = ( aaa ) / ( b ),1013
- aax - bb = aa,1014
x + b - cx + d = - ax + b - cx + d,1015
aax = a,1016
aax = a,1017
aax + b = aax - bb,1018
aax + b = aax - bb,1019
aax + b = aax - bb,1020
x = - ( aa ) / ( bb ),1021
ax + b = - ax - b,1022
ax + b - cx + d - ex - f = ax - bb,1023
ax + b - cx + d - ex - f = ax - bb,1024
aax = aa,1025
aa + bb - cx = - ax - b - cc,1026
a * ( x - c ) + d = aa,1027
ax - bb + c = aa,1028
aa - ( b ) / ( c ) + x = aaa + bbx,1029
aa - ( b ) / ( c ) + x = aaa + bbx,1030
( a ) / ( b ) = ( x ) / ( bb ),1031
x = aa - b,1032
x = aa - b,1033
x + bb = aa,1034
x = aa - bb,1035
x = aa - bb,1036
x = a - b,1037
x = a - b,1038
x + b = aa,1039
- aa = - x,1040
- aa = - x,1041
- aa = - x,1042
- aa = - x,1043
( x ) / ( b ) = a,1044
x = a - b,1045
x + bb = aa,1046
x + b = - a,1047
x + b = - a,1048
x + b = - a,1049
x - bb = - aa,1050
x - bb = - aa,1051
( x - a ) / ( b ) + ( c - dx ) / ( f ) = ( a - x ) / ( b ),1052
( x - a ) / ( b ) + ( c - dx ) / ( f ) = ( a - x ) / ( b ),1053
ax - bb + c - dx = aa - bx,1054
ax - bb + c - dx = aa - bx,1055
a * ( - b - x ) / ( d ) = a * ( b - x ) / ( d ),1056
a * ( - b - x ) / ( d ) = a * ( b - x ) / ( d ),1057
( aax ) / ( bb ) = ( a ) / ( bb ),1058
( aax ) / ( bb ) = ( a ) / ( bb ),1059
( aax ) / ( bb ) = ( a ) / ( bb ),1060
( x ) / ( bb ) = ( ax + b ) / ( c ),1061
( x ) / ( bb ) = ( ax + b ) / ( c ),1062
x = aa * ( bx + c ) / ( d ),1063
x = a * ( bx + c ),1064
( aax + bbb ) / ( cc ) = ( x ) / ( b ),1065
ax = aax + bbb,1066
( ax ) / ( bb ) = ( aax + bb ) / ( ccc ),1067
ax = ax + b,1068
( aax ) / ( bb ) = ( ax ) / ( b ) - cccc,1069
( - aax ) / ( b ) = ( z ) / ( bbbb ),1070
( - aax ) / ( b ) = ( z ) / ( bbbb ),1071
( - aax ) / ( b ) = ( z ) / ( bbbb ),1072
( aax ) / ( bb ) = ( a ) / ( bb ),1073
( aax ) / ( bb ) = ( a ) / ( bb ),1074
( aax ) / ( bb ) = ( a ) / ( bb ),1075
aax = aa,1076
( - x + b ) / ( c ) = ( ax ) / ( bb ),1077
- ax + b = ax,1078
- ax + b = ax,1079
aax = a,1080
( ax ) / ( b ) + ( x ) / ( d ) - ( ex ) / ( ff ) = ( x ) / ( b ) - c,1081
( x ) / ( bb ) - c + ( dx ) / ( e ) = - a * ( x - c ),1082
x + b = a,1083
x + b = a,1084
x + b = a,1085
x + b = a,1086
x + b = a,1087
x + b = a,1088
ax = aa - bb,1089
( x + b ) / ( c ) = aax - b * ( c + ddx ) / ( e ),1090
( x + b ) / ( c ) = aax - b * ( c + ddx ) / ( e ),1091
x + b = aa,1092
x + b = aa,1093
x + b = aa,1094
- aaa + bbbx + ( c ) = aax - bb,1095
( x ) / ( bb ) - ( ccc ) / ( ddd ) = ( - x + bb ) / ( cc ),1096
( x ) / ( bb ) - ( ccc ) / ( ddd ) = ( - x + bb ) / ( cc ),1097
( x ) / ( bb ) - ( ccc ) / ( ddd ) = ( - x + bb ) / ( cc ),1098
( x ) / ( bb ) - ( ccc ) / ( ddd ) = ( - x + bb ) / ( cc ),1099
( x ) / ( bb ) - ( ccc ) / ( ddd ) = ( - x + bb ) / ( cc ),1100
( x ) / ( bb ) - ( ccc ) / ( ddd ) = ( - x + bb ) / ( cc ),1101
( x ) / ( bb ) - ( ccc ) / ( ddd ) = ( - x + bb ) / ( cc ),1102
( x ) / ( bb ) - ( ccc ) / ( ddd ) = ( - x + bb ) / ( cc ),1103
( x ) / ( bb ) - ( ccc ) / ( ddd ) = ( - x + bb ) / ( cc ),1104
( x ) / ( bb ) - ( ccc ) / ( ddd ) = ( - x + bb ) / ( cc ),1105
( x ) / ( bb ) - ( ccc ) / ( ddd ) = ( - x + bb ) / ( cc ),1106
( x ) / ( bb ) - ( ccc ) / ( ddd ) = ( - x + bb ) / ( cc ),1107
( x ) / ( bb ) - ( ccc ) / ( ddd ) = ( - x + bb ) / ( cc ),1108
x + b = a,1109
x + b = a,1110
ax + bb = aa,1111
ax + bb = aa,1112
x = ( aa ) / ( b ),1113
- aa + ( bx + c ) / ( d ) = ( aax - bbb ) / ( c ) - d,1114
- aaa + ( bbbx + c ) / ( d ) = a * ( bx - c ) / ( d ),1115
x + ( bx + c ) = aa,1116
( x ) / ( bb ) - ( ccc ) / ( ddd ) = ( - x + bb ) / ( cc ),1117
( - ax + bbb ) / ( cc ) - dddx = - aaaa + ( bbbx - cccx + dd ) / ( e ),1118
( - ax + bbb ) / ( cc ) - dddx = - aaaa + ( bbbx - cccx + dd ) / ( e ),1119
( - ax + bbb ) / ( cc ) - dddx = - aaaa + ( bbbx + cc ) / ( d ),1120
a * ( z + cx ) - d * ( ex + f ) = ax - - ( bbb ) / ( cc ) - z * ( eeex - ffff ),1121
a * ( z + cx ) - d * ( ex + f ) = ax - - ( bbb ) / ( cc ) - z * ( eeex - ffff ),1122
a * ( z + cx ) - d * ( ex + f ) = ax - - ( bbb ) / ( cc ) - z * ( eeex - ffff ),1123
( ax ) / ( b ) = ( ax - bb ) / ( c ),1124
( ax ) / ( b ) = ax - bb,1125
( ax ) / ( b ) = ax - bb,1126
( - aax ) / ( b ) = ( aax - b ) / ( - c ),1127
( - aax ) / ( b ) = ( aax - b ) / ( - c ),1128
ax - b = - x + bb,1129
ax - b = - x + bb,1130
ax - b = - x + bb,1131
aax - b - cx = ax - b - cc,1132
x + bb = aa,1133
x + z = aa - b,1134
x - b = aa,1135
x - b = aa,1136
( - ax + bb ) / ( c ) = ( aaax ) / ( b ) + ( cx ) / ( dd ) - ( e ) / ( ff ),1137
( - ax + bb ) / ( c ) = ( aaax ) / ( b ) + ( cx ) / ( dd ) - ( e ) / ( ff ),1138
( a ) / ( b ) - cccc - ( dx ) / ( e ) = - a * ( - bb * c ) + x,1139
( aax - bx ) / ( cx ) = ( ax + bbb ) / ( cc ),1140
ax - bb = aa,1141
x + b = aa,1142
x = aa - b,1143
x - b = a,1144
x + bb = aa,1145
x + bb = aa,1146
x - bb = - aa,1147
- x + bb = - aa,1148
- x + bb = - aa,1149
- x - bb = - aa,1150
- x - bb = - aa,1151
- x + b = aa,1152
x - bb = aa,1153
- x - bb = aa,1154
- x + bb = aa,1155
- x + b = - aa,1156
- x + bb = - aaa,1157
- x - bbb = - aaa,1158
x = ( aa ) / ( b ),1159
x = a + b,1160
x = - aa + b,1161
x = - aa + b,1162
x = aa - bb,1163
- x = a - b,1164
x + bb = - aa,1165
x - bb = aa,1166
- x - b = aa,1167
- x + bb = - aaa,1168
x = ( a ) / ( bb ),1169