wrongStep, ID
x = aa + b,1
x = aa + b,2
x = a,3
x = - a + b,4
x = - a,5
x = a,6
x = a,7
x = aa,8
x = aa,9
x = aa - b,10
x = - aa + b,11
x = a,12
x = - aa,13
x = - aa + bb,14
x = - aa - b,15
x = a + bb,16
x = - aa,17
x = - aa - bb,18
x = aa + b,19
x = aa,20
x = aa + b,21
x = aa + b,22
x = aa + b,23
x = aa + b,24
x = - aa - b,25
x = a,26
x = aa - b,27
x = - aa - bb,28
x = aa + bb,29
x = - a,30
x = a,31
x = - a,32
x = - a,33
x - b = a,34
x = aa + b,35
x = aa - bb,36
x - b = aa - b,37
x = aa,38
x = a + b,39
x + b - c = a + b - c,40
x = aa,41
x = aa + bb,42
x + bb = aa - bb,43
x = aa,44
x = aa + bb,45
x = aa + bb,46
x = aa,47
x = aa + b,48
x = - aa + bb,49
x = a,50
aa - b = aax,51
aa - b = ax,52
x - b + c = aa - b,53
x + b - c = - a - b,54
aa - b = ax,55
- x + bb - cc = aa - bb,56
x = a,57
x = ( aa ) / ( b ),58
x = z,59
x = ( aa ) / ( bb ),60
x + b - c = a - b,61
x = ( aa ) / ( b ),62
x = aaaa,63
x = a - bb,64
x = a,65
x = a,66
a = x,67
x = aa,68
x = a,69
x + b - c = - a,70
x + b - c = - aa + b,71
x = - aa + b,72
x + b - c = - aa + b,73
x + b - c = - aa + b,74
x + b - c = - aa + b,75
x + bb - cc = aa,76
x - b + c = a + b,77
x + b - c = a + b,78
x + bb = - aa - bb,79
x = a,80
x + b = aa - b,81
x = aa,82
x = aa,83
x = aa,84
x - b + c = aa - b,85
x + b - c = - a + b,86
x = a - b,87
x = aa,88
x + b - c = - a + b,89
x = aa,90
x = a,91
x = a,92
x + b = - a - b,93
x = - a,94
x = a,95
x - b + c = a - b,96
x = a,97
x = aa,98
x - b + c = - aa + bb,99
x = - a,100
x = - a,101
x = - a,102
x + b - c = - aa - bb,103
x = - a,104
x = - a,105
x = - a,106
x = - aa,107
x = aa,108
x = - a,109
x = - a,110
x = - a,111
x = - a,112
x = - a,113
x = a,114
x = aa,115
x = aa,116
x = - aa,117
x = - aa,118
x = - a,119
x = - a,120
x = a,121
x = z,122
x = - a,123
x = - a,124
x = - aa,125
x = aa,126
x = - aa,127
x = aa,128
x = - aa,129
x = - aa,130
x = - aa,131
x = - aa,132
x = aa,133
x = - aa,134
x = a,135
x = aa,136
x = aa,137
x = - aa,138
x = aa,139
x = - aa,140
x = z,141
x = a,142
x = - aa,143
x = aa,144
x = aa,145
x = - aa,146
x = - aa,147
x - bb + cc = - aa + bb,148
x = - aa,149
x - bb + cc = - aa + bb,150
x = aa,151
x = a,152
x = aa,153
x - b + c = aa + b,154
x = a,155
x = - aa,156
x = - aa,157
x + b - c = aa - b,158
x + b - c = aa - b,159
x + b - c = aa - b,160
x + b - c = aa - b,161
x + b - c = aa - b,162
x + b - c = aa - b,163
x + b - c = aa - b,164
x + b - c = aa - b,165
x + b - c = aa - b,166
x + b - c = aa - b,167
x - b = aa - b,168
x - b = aa - b,169
x + b = aa - b,170
x + b - c = - aa + b,171
x = a,172
x = aa,173
x + bb = aa - bb,174
x + bb = aa - bb,175
x + bb = aa - bb,176
x = a,177
x = a - b,178
x = a - b,179
x = - aa,180
x = - a,181
x = - aa,182
x = aa,183
x = - aa,184
x + b - c = aa - bb,185
x + b - c = aa,186
x = a,187
x + b - c = - a + b,188
x + b - c = - a + b,189
x + b - c = - a + b,190
x + b - c = - a + b,191
x = a,192
x - b + c = aa + bb,193
x - b + c = a - b,194
x = - aaa,195
x = aaa,196
x - b = a + b,197
x = - a,198
x = a,199
x = aa,200
x = aa,201
x = - aa,202
x = a,203
x = a,204
x = - a,205
x = aa,206
x = aa,207
x = aa,208
x = aa,209
x = - a,210
x = a,211
x = a,212
x = - aa,213
x = aaa,214
x = - aaa,215
x = aaa,216
x = aaa,217
x = aaa,218
x = aaa,219
x = aaa,220
x = aaa,221
x = aaa,222
x = aaa,223
x = aaa,224
x = aaa,225
x = aaa,226
x = aaa,227
x = aaa,228
x = aaa,229
x = aaa,230
x = aaa,231
x = aaa,232
x = aaa,233
x = aaa,234
x = aaa,235
x = aaa,236
x = aaa,237
x = aaa,238
x = aaa,239
x = aaa,240
x = aaa,241
aaa - x - ccc = - aaa - bbb,242
x + b - c = aa - b,243
x + b - c = aa,244
x - b + c = aa - b,245
x = aa,246
x - b + c = a - b,247
x = aa,248
x = a,249
x + b - c = - a + b,250
x + b - c = - aa - bb,251
x = aa,252
x = - aaa,253
x = aaa,254
- x - b = - aa * - b,255
x = - aa,256
x = a,257
x - b + c = aa + b,258
x = z,259
x + b + c = aa,260
x + b - c = aa,261
x + b - c = - aa + b,262
x + b - c = - aa + b,263
x = a,264
x = aa,265
x = a,266
x = aa,267
x = - aa,268
x = aa,269
x = aa,270
x = - aa,271
x = aa,272
x = aa,273
x = aa,274
x = - aa,275
x = aa + bb,276
ax = a,277
ax - b - ( cx ) / ( d ) = ( ax - bb  ) / ( c ),278
ax - b - ( cx ) / ( d ) = ( ax ) / ( b ) * ( - c ) / ( d ),279
ax - b - ( cx ) / ( d ) = a * ( x - c  ) / ( d ),280
x = aa,281
x = - aa,282
x = aa,283
x + b - c = a - b,284
x + bb - cc = - aa + bb,285
x + b = a,286
x = a - b * c,287
x = a,288
x ^ b = aa,289
x = ( aaa ) / ( b ),290
( x ) / ( bb ) = a,291
x = a,292
x = aa + b,293
x = aa,294
x = aa,295
x = aa,296
x = aa,297
x = a,298
x - bb = aa,299
( ax ) / ( b ) - ( cc ) / ( dd ) = - aa * ( b ) / ( c ),300
( ax ) / ( b ) = - aa,301
a = - ( aa ) / ( b ) * x,302
a * bx = - aa,303
a + bx = - aa,304
a * x = - aa,305
a * x = - aa,306
x = a,307
x = aa,308
x = a,309
x = a,310
x + bb = aa,311
x = a * b,312
aax = - aaa,313
x = aa,314
x - bbb = aa,315
x = aa,316
x = aa,317
x = aaa,318
x = aaa,319
x = aa,320
x = aaa,321
x = - aaa,322
x = - aa,323
x = - aa,324
x = - aa,325
x = - aa,326
x = - aa,327
x = - aa,328
x + bb = aa,329
x + bb = aa,330
x = aaa,331
x = aaa,332
x = a * b + c,333
x = a * b + c,334
x = aa,335
x = a,336
x = aa + b,337
x = aa + b,338
x = aa + b,339
x = a,340
x = - aa - b,341
ax = ( aa ) / ( b ),342
x = a,343
x = a,344
x = aa - b,345
x = aa,346
x = aa,347
x = aa,348
x = aa,349
x = aa,350
x = aa,351
x = aa,352
x = aa,353
x = aa,354
x = - aa,355
x = - a,356
x = - a,357
x = a,358
x = - aa,359
x = - a,360
x = - a,361
x = a,362
x = a,363
x = aa,364
x = aa,365
x = aa,366
x = - a,367
x = aa,368
x = - aa,369
- x = - a,370
x = - aa,371
x = aa,372
x = - aa,373
x = aa,374
- x = - aa - bb,375
x = z,376
x = - aa,377
x = - a,378
x = - a,379
- x = - aaa,380
x = - aaa + bbb,381
x = aa,382
- x = a,383
- x = a,384
x = aa,385
x = - aa,386
x = - a,387
- x = aa,388
x = - aa,389
x = - aa,390
x = aa,391
x = - aa,392
x = - a,393
x = - aa,394
aax = aa,395
x = z,396
x = a,397
x = a,398
x = aa - b,399
x = a - b,400
x = a,401
x = aa,402
x = aa,403
x + b - c = aa,404
x + b - c = aa,405
x = aa,406
x = a - bb,407
x + b - c = a,408
x - b = a,409
x = aa - b,410
x = aa,411
x = aa + bb,412
x = aa,413
x + b - c = a - b,414
x = aa + b,415
x = a - b,416
x = a,417
a - bb = x,418
x = - a - bb,419
x = - aa,420
x + b - c = aa,421
x = aa,422
x = z,423
x = aa + b,424
aa - bb = x,425
x = a,426
x = a,427
x = aa,428
x = - aa - bb,429
x = - aa + bb,430
x = a - b,431
x = a,432
x = aa,433
x = aa,434
a * - x = aa,435
- a * - x = aa,436
- a * - x = aa,437
x = aa,438
- x = z,439
x = a,440
- x = aa + b,441
x = a,442
x = a,443
x = a,444
x = a,445
x = a,446
x = a,447
- x = a,448
x = a,449
- x = aa,450
x = a,451
x = - aa,452
x + b - c = aa,453
x + b - c = aa + b,454
x = aa,455
x = a,456
x = aa,457
x = aaa,458
x = aaa,459
x = aaa,460
x = aa,461
x = - aa,462
x = - a,463
x = ( z ) / ( b ),464
x = ( z ) / ( b ),465
x = a,466
x = ( z ) / ( b ),467
x = - aa,468
x = ( aa ) / ( b ),469
x = a,470
x = a,471
x = a,472
x = a,473
x = aa,474
x = a,475
x = aa,476
x = aa,477
x = ( aa ) / ( b ),478
x = ( a ) / ( b ),479
x = a,480
x = aa,481
x = aa,482
x = - aaa,483
- x = ( aa ) / ( b ),484
x = ( aa ) / ( - b ),485
x = ( aa ) / ( b ),486
x = ( aa ) / ( b ),487
x = a,488
x = ( aa ) / ( b ),489
x = a,490
x = aa,491
x = aa,492
x = aa,493
x = a,494
x = a,495
x = aa,496
x = aa,497
x = aa,498
x = a,499
x = - a,500
x = - a,501
x = aaa,502
x = aaa,503
x = - aa,504
x = - aa,505
x = - aa,506
x = aa,507
x = - aa,508
x = - a,509
x = - a,510
x = ( aa ) / ( b ),511
x = - aaa,512
x = - aaa,513
x = - aaa,514
x + b - c = aa,515
x = a,516
x = - aa + b,517
x = aa,518
x = - aa,519
x = z,520
x = - aa,521
x + bb = aa - bb,522
x + b - c = aa - b,523
x = a,524
x = a,525
x = aa,526
x = aaa,527
x = aa,528
x = z,529
x = - aa,530
x + b - c = aa - b,531
x - bb - c = a - bb,532
x + bb - cc = - aa + bb,533
x = aaa,534
x = aa,535
- x = aa - bb,536
x = a,537
x = a,538
x = a,539
x = aa,540
- x = - aa,541
x = - ( aaa ) / ( b ),542
x = - ( aaa ) / ( b ),543
x = - aa,544
x = - aaa,545
- x = - aa,546
x = - aa,547
x = - a,548
x = aaa,549
x = - aaa,550
x = aaa,551
x = - aaa,552
x = - ( a ) / ( b ),553
x = ( a ) / ( b ),554
ax ^ b + cx = aa,555
ax * bx + cx = aa,556
ax - b - cx = aa,557
x = - aa,558
x = - a,559
x = ( aa ) / ( b ),560
x = ( a ) / ( b ),561
- x = - aa + bb,562
- x = - aa,563
aa + bx + cx + d + ex = x + b - cx,564
aax = aaa,565
aax = aaa,566
a + b + cx + dd + ex = z,567
a + b + cx + dd + ex = z,568
a + b + cx + dd + ex = z,569
a + bx + cc + dx = z,570
a + b + cx + dd + ex = z,571
a - b + cx + dd + ex = z,572
a - b * ( c - dx - ee - fx  ) = z,573
a - b * ( - c - dx - ee - fx  ) = z,574
a + b + cx + dd + ex = z,575
aa + bx + cx = z,576
x = ( aa ) / ( bb ),577
x = ( a ) / ( b ),578
x = a,579
x = a,580
x = a,581
ax + b - cx + d = ax + b - c + x,582
ax + b - cx - d = ax + b - c + x,583
ax + b - cx - d = - ax + b - c + x,584
ax - bx + cx + x = a - b - c,585
- ax = - aa,586
- ax = - aa,587
- ax = aa - b,588
- ax = - a + b - c - dd,589
x = ( aa ) / ( b ),590
x = ( aa ) / ( bb ),591
x = ( a ) / ( b ),592
aax + bb - cc + ddx = - aa + bbx + ccx - dd,593
aax = - aa,594
aax = - aa,595
aax = - aa,596
aax = - aa,597
x = ( a ) / ( b ),598
aax - bb + ccx = - aa + bbx + ccx - dd,599
aax + bb - cc + ddx = - aa + bbx + ccx + dd,600
x = ( a ) / ( b ),601
x = ( a ) / ( b ),602
( aax + bb  ) - cc + ddx = ( - aa + bbx  ) - ( - ccx + dd  ),603
aax + bb - ( cc - ddx  ) = ( - aa + bbx  ) - ( - ccx + dd  ),604
aax + bb - cc + ddx = - aa + bbx + ccx - dd,605
aax + bbbbx - cc = - aa + bbx + ccx - dd,606
aax + bbbbx - cc = - aa + bbx + ccx - dd,607
aax + bbbbx - cc = - aa + bbx + ccx - dd,608
aax + bb * ( - cc ) + ddx = - aa + bbx + ccx - dd,609
x = ( a ) / ( b ),610
x = ( a ) / ( b ),611
x = ( a ) / ( b ),612
x = ( a ) / ( b ),613
x = ( a ) / ( b ),614
x = ( a ) / ( b ),615
x = ( a ) / ( b ),616
x = ( a ) / ( b ),617
x = ( a ) / ( b ),618
x = ( a ) / ( b ),619
x = ( a ) / ( b ),620
x = ( a ) / ( b ),621
x = ( a ) / ( b ),622
x = ( a ) / ( b ),623
x = ( a ) / ( b ),624
x = ( a ) / ( b ),625
x = ( a ) / ( b ),626
x = ( a ) / ( b ),627
x = ( a ) / ( b ),628
x = ( a ) / ( b ),629
x = ( a ) / ( b ),630
x = ( a ) / ( b ),631
x = ( a ) / ( b ),632
x = ( a ) / ( b ),633
x = ( a ) / ( b ),634
x = ( a ) / ( b ),635
x = ( a ) / ( b ),636
x = ( a ) / ( b ),637
x = ( a ) / ( b ),638
x = ( a ) / ( b ),639
x = ( a ) / ( b ),640
x = ( a ) / ( b ),641
x = ( a ) / ( b ),642
x = ( a ) / ( b ),643
x = ( a ) / ( b ),644
x = ( a ) / ( b ),645
x = ( a ) / ( b ),646
aa + bb - cx = ax - bb - cc,647
aa + bb - cx = ax - b - cc,648
aa + ( bb - cx  ) = ax - b - cc,649
aaa = ax,650
x = aaa,651
x = aaa,652
x = - aaaa,653
x = a,654
x = ( aa ) / ( b ),655
x = a,656
x = - a,657
x = - a,658
x = a,659
x = - aa,660
x = - a,661
- aa - bb + c = aax,662
x = aaa,663
x = - aa,664
x = - aa,665
x = - aa,666
x = - ( aa ) / ( - bbx ),667
x = - ( aa ) / ( - bb ),668
- aax = - aa,669
x = - a,670
x = - ( aa ) / ( bb ),671
x = - ( aa ) / ( - bb ),672
x + bb + x + dd = z,673
x + bb + x + dd = z,674
x + x + cc + x + ee = z,675
x + b + x + d = ax - bx + c,676
x + b + x + d = ax - bx + c,677
aax + bb - cc + ddx = ( - aa + bbx  ) + ccx - dd,678
aax + bb - cc + ddx = - aa + bbx + ccx - dd,679
aax + bb - cc + ddx = ( aa + bbx  ) - ( - ccx + dd  ),680
aax + bb - cc + ddx = aa + bbx - ( - ccx + dd  ),681
aax + bb - ccx + ddx = - aa + bbx - ( - ccx + dd  ),682
aax + bb - cc + ddx = - aa + bbx - ( - ccx + dd  ),683
aax + bb - cc + ddx = ( - aa + bbx  ) - ( - ccx + dd  ),684
( aax + bb  ) - cc + ddx = ( - aa + bbx  ) - ( - ccx + dd  ),685
x + b + x + d = ax - bx + c,686
aax - bbx = - aa - bb,687
aax - bbx + cc = - aa,688
aax - bbx = - aa - bb,689
aax - bbx + cc - dd = - aa - bb,690
aax - bbx + cc - dd = - aaa,691
zx + z = aa + bbb,692
z + z = aax + bbb,693
aax - bb = - aa - bb,694
aax - bbx = - aa - bb,695
- aax = - aa,696
zx + z = aax - bbb,697
aax + bb - cc = aax - bb - cc,698
aax + bb - ccx = aax - bb - ccx,699
x = aa,700
x = z,701
x = ( aa ) / ( bb ),702
x + bbx + x + dd = z,703
x + bb + x + dd = z,704
ax = - aa,705
x = - aa,706
x = - ( a ) / ( b ),707
x = ( a ) / ( b ),708
x = ( a ) / ( b ),709
x = ( a ) / ( b ),710
x = ( a ) / ( b ),711
x = ( a ) / ( b ),712
x = ( a ) / ( b ),713
x = ( a ) / ( b ),714
- x = - ( a ) / ( b ),715
x = - aa,716
- x = aa * - b,717
- x = aa,718
x = ( aa ) / ( b ),719
x = - ( aa ) / ( b ),720
x = aaa,721
x = aa,722
x = - aaa,723
x = aa,724
x = - aaa,725
x = - a,726
x = a,727
x = aaa,728
x = aa,729
x = a,730
x = a,731
x = - a,732
x + b - c = - a + b,733
x = - aa,734
x = z,735
x = - aa,736
x = a + b,737
x = a + b,738
x = a - b,739
x = a - b,740
x = ( a ) / ( b ),741
x = - a,742
ax = aa,743
x = - a,744
x = a,745
x = - aa,746
x = - aa,747
x + b - c = aa,748
x = aa + b,749
x = ( a ) / ( b ),750
ax = aa,751
ax = - aa,752
ax = aa,753
x = a,754
x = aa,755
x = aaa,756
- ax = aa,757
x = ( aa ) / ( - bx ),758
- ax = aa,759
- ax = aa,760
x = a,761
aaax + bbbx + cx - dddx = a + bb + ccc - ddd,762
aaax + bbbx + cx + dddx = a + bb + ccc - ddd,763
ax + x = a + bb,764
ax - x = a + bb,765
ax + bx = a - b,766
x = a,767
x = a,768
x = ( a ) / ( b ),769
x = aa,770
x = - a,771
ax + bx = aa - b,772
ax + bx = aa + b,773
ax + bx = aa + b,774
ax + bx = aa - b,775
ax + bx = aa - b,776
ax + bx = aa - b,777
ax + bx = aa - b,778
ax + bx = aa - b,779
ax + bx = aa - b,780
x = a,781
x = a,782
aax = a + b - c,783
aax = aa,784
x + z = a,785
x = - aa,786
x = a,787
x = - a,788
x - b = aa - b,789
x = a,790
x = aa,791
x = a,792
x = a,793
x = - aa,794
x = aa,795
x = - aa,796
x = z,797
x = a,798
x = a,799
x = - a,800
x = aa,801
x = - aa,802
ax + bx = - a + bb,803
ax - bx = a + bb,804
- ax + bx = - aa - b,805
x = aa,806
x = - a,807
x = ( aa ) / ( b ),808
x = - a,809
x = - a,810
x = a,811
x = ( a ) / ( b ),812
x = - a,813
ax + x = aa - b,814
ax + x = aa - b,815
ax + x = aa + b,816
x = - a,817
x = ( a ) / ( b ),818
x = - a,819
x = ( a ) / ( b ),820
x = a,821
x = - aa,822
x = a,823
x = a,824
x = a,825
x = aaa,826
x = ( aa ) / ( b ),827
ax = aa,828
ax - b - cx = aa,829
ax - b - cx = aa,830
ax - b - cx = aa,831
ax - bb + ccx = aaa,832
ax + bx + cx - x + ex = a - bb,833
ax + bx = a - b - cc,834
aax = a,835
aax = - a,836
x = ( aa ) / ( bb ),837
x = - a,838
x = a,839
x + ( bb ) / ( cc ) = a,840
x = a,841
x = a,842
- x = aa,843
x + b - c = a,844
x + b - c = a,845
x = aa,846
x = a - b,847
x = a - b,848
x = aa,849
x + b - c = a - b,850
x + b - c = a - b,851
x = a,852
x = a,853
x = z,854
x = - aa,855
x = - aa,856
x = a,857
x = - aa,858
x = aa,859
x = z,860
x = - aa - b,861
x = aa,862
x = aa - b,863
x = a,864
x = - aa + b,865
- x = aa,866
x = - a,867
x = - aa - bb,868
x = aa + bb,869
x = - a,870
x = - a,871
x = - a,872
x = - aa + b,873
x = - aa,874
x + bb - cc = - aa,875
x = aa,876
x = aaa,877
x = aa,878
x = aa,879
x = a,880
x = aa,881
x = aa,882
x = aa,883
x = aa,884
x = aa,885
x = aa,886
x = aa,887
x = aa,888
x = a,889
x = a,890
x = a,891
- x = aa,892
x = aa,893
x = aa % b,894
x = a,895
x = ( aa ) / ( b ),896
x = - aa,897
x = aa,898
x = aa,899
x = - aaa,900
- x = - aaa,901
x = aaa,902
x = - aaa,903
x = aa,904
x = aa,905
x = aa,906
x = a,907
x = - aa,908
x = - aa,909
x = aa,910
x = aa,911
x = aa,912
x = - aa,913
x = a,914
x = ( aaa ) / ( bb ),915
x = ( aa ) / ( b ),916
x = ( aa ) / ( b ),917
x = - ( aaa ) / ( b ),918
x = ( aaa ) / ( - bb ),919
x = a,920
x = a - bb,921
x = a + bb,922
x = a + bb,923
x = a + bb,924
x = a + bb,925
x = a - b,926
x = a,927
x = aa,928
x = - a,929
x = a,930
x = a,931
x = a,932
x = a,933
x = aa,934
x = a,935
x = a,936
x = - aa,937
x = aa,938
x = aa,939
x = - aa,940
x = - aa,941
x = z,942
x = - a - bb,943
x = - aa,944
x = aa,945
x = - a,946
ax - b = a + x,947
x = a,948
ax + bx + cx - x + ex = a - bb - c,949
aax = aa,950
aax = - aa,951
aax = - aa,952
aax = - aa,953
aax = aa,954
- ax = z,955
x = a,956
x = - a,957
x = a,958
x = ( a ) / ( b ),959
x = a,960
x = a,961
x = a,962
x = a,963
x = - a,964
x = - a,965
x = - a,966
x = - a + bb,967
x = - a,968
x = z,969
x = aa,970
x = - aa,971
- ax = - aaa + bb,972
- ax = - aaa + bb,973
ax = - aaa - bb,974
ax = aaa,975
ax = - aaa,976
- ax = - aaa,977
x = aa,978
- ax + bb - cc = - aaa - bb,979
ax = aa + bb,980
ax = aaa,981
ax - b = - x + bb - c,982
x = ( aa ) / ( b ),983
ax = ax + bb + c,984
ax = aa - bb,985
ax = aa,986
aaax = a * ( x + c  ),987
( x ) / ( b ) = ( x + b  ) / ( c ),988
x = aaa,989
x = aaa,990
x = aaa,991
aa * ( - x + c  ) = aax,992
aa * ( - x + c  ) = aax,993
x + b - c = aa,994
- ax = aaa,995
x = - aaa,996
x = ( aaa ) / ( bb ),997
x = ( aaa ) / ( bb ),998
x = - aaa,999
- aax = - aa,1000
x = ( aaa ) / ( bb ),1001
x = ( aaa ) / ( bb ),1002
x = aa,1003
x = aa,1004
x = aa,1005
x - bbbb = ( a ) / ( b ),1006
ax = - a * bbbb,1007
aax = a,1008
x = aa,1009
x = aa,1010
x = aa,1011
x = a,1012
x = ( aa ) / ( b ),1013
aax = aa,1014
aax = aa,1015
x = ( a ) / ( b ),1016
x = ( aa ) / ( b ),1017
aax = aa,1018
aax = aa,1019
aax = - aaa,1020
x = - ( a ) / ( b ),1021
aax = a,1022
ax - b = ax bb,1023
- ax - b = ax bb,1024
x = ( a ) / ( b ),1025
aaa + bx = aa,1026
ax - bb + c = aa,1027
ax = a,1028
aaaaa = x,1029
a * bb - c + dx = aaaaa + bbbbx,1030
( a ) / ( b ) = ( x ) / ( bb ),1031
x = aa * b,1032
x = a + bb,1033
x = aa - bb,1034
x = aaa,1035
x = aaaa,1036
x = aa,1037
x = aa,1038
a - bb = x,1039
x = a * b + c,1040
x = a * b + c,1041
x = a * b + c,1042
- x = - aa,1043
x ^ b = aaa,1044
x = a,1045
x = aa * b,1046
x = - a,1047
x = a,1048
x = a,1049
x = - aa,1050
x = aa,1051
a * ( x - b ) / ( cc ) + dd * ( e - fx ) / ( gg ) = a - ( x ) / ( b ),1052
a * ( x - b ) / ( cc ) + d * ( e - fx ) / ( gg ) = a - ( x ) / ( b ),1053
- a - bx = aa - bx,1054
- a - bx = aa - bx,1055
x = a,1056
x = a,1057
x = ( a ) / ( bb ),1058
x = ( a ) / ( bb ),1059
x = ( a ) / ( bb ),1060
( x ) / ( bb ) = aa * ( bx + c  ),1061
( x ) / ( bb ) = aa * ( bx + c  ) / ( d ),1062
x = ( ax + b  ) / ( cc ),1063
x = - ( a ) / ( bb ),1064
ax = aax + bbb,1065
ax = aaa,1066
ax = aax + ( bb ) / ( cc ),1067
zx = ax,1068
aaaaax = a,1069
- aax = aaaa * b,1070
- aax = ( a ) / ( bbbb ),1071
- aax = a,1072
x = ( a ) / ( bb ),1073
x = ( a ) / ( bb ),1074
x = ( a ) / ( bb ),1075
x = aa,1076
- axa = ax,1077
- ax + bx = a,1078
- ax + bx = a,1079
x = ( aa ) / ( b ),1080
aax + bx - cx = ax - b,1081
x - bb + ccx = - aaax + bbb,1082
x = a,1083
x = a + b,1084
x = aaa,1085
x = aa,1086
x = aa,1087
x = a - b,1088
ax = aa,1089
ax + b = aa - b - ccx,1090
ax + b = aax - b - ccx,1091
x = aa + b,1092
x = - aa + b,1093
x = - aa + b,1094
aaax = aaa,1095
a = x,1096
( a ) / ( b ) = x,1097
( a ) / ( b ) = x,1098
( a ) / ( bb ) = x,1099
( x - bb  ) / ( cc ) = - x + ( bb ) / ( cc ),1100
x - bb = - x + bb,1101
( x ) / ( bb ) - c = ( - x + bb  ) / ( cc ),1102
x - bb = - x + bb,1103
ax - bb = - x + bb,1104
( x ) / ( bbb ) - ( c ) / ( d ) = - ( x ) / ( bbb ) + cc,1105
( x ) / ( bbb ) - ( c ) / ( d ) = - ( x ) / ( bbb ) + ( c ) / ( dd ),1106
( x ) / ( bb ) - c = ( - x + bb  ) / ( cc ),1107
ax = aa,1108
x = a,1109
x = a,1110
ax = aa + bb,1111
x = a,1112
x = ( aa ) / ( b ),1113
x = aa,1114
x = aa,1115
x = a,1116
( x ) / ( bb ) - c = ( - x + bbb  ) / ( cc ),1117
- ax + bbb - cc * ddd = - aa * bbbb + c * ( dddx - eeex + ff ),1118
( - ax + bbb  ) / ( cc ) - ddd = - aaaa + ( bbbx + cc  ) / ( d ),1119
- ax + bbb - cc * dddx = - aaaa + b * ( cccx + dd  ),1120
ax - bbx + c = ax - bb,1121
ax - bbx - c = ax - bb,1122
ax - bbx - c = ax - bb,1123
ax = a,1124
x = aa,1125
x = a,1126
aaax = aaa,1127
aax = aa,1128
ax + x = - a + bb,1129
ax = - a - x + cc,1130
ax = - a - x + cc,1131
aax - bx = ax - b - cc - d,1132
x = aa,1133
x = a,1134
x = aa,1135
x = aa,1136
x = aa,1137
- ( ax ) / ( bb ) = ( aaax ) / ( b ) - ( c ) / ( dd ) + ( ex + ff ) / ( g ),1138
- ( ax ) / ( bb ) = ( aaax ) / ( b ) - ( c ) / ( dd ) + ( ex + ff ) / ( g ),1139
a - ( b ) / ( c ) = ( ax + bbb  ) / ( cc ),1140
ax = aa,1141
x + b - c = aa,1142
x = aa,1143
x = a,1144
x = aa,1145
x = aa,1146
x = a,1147
x = - aa,1148
x = - aa,1149
x = aa,1150
x = aa,1151
x = - aa,1152
x = z,1153
x = aa,1154
x = aa,1155
x = aa,1156
x = aaa,1157
x = aaa,1158
x = ( a ) / ( b ),1159
x = a,1160
x = - aa,1161
x = - aa,1162
x = - aa,1163
- x = a * - b,1164
x = - aa,1165
x = - aa,1166
x = aa,1167
x = aaa,1168
x = - a,1169